expenses,class
Bought safety equipment for factory workers,Administrative expenses
Packaging material sourcing fees,Distribution cost
Office space furniture reupholstering fees,Administrative expenses
Mortgage Interest Payments,Finance cost
Shipping container purchase,Distribution cost
Lease insurance premiums for equipment lease financing,Finance cost
Rental origination fees for commercial property rental,Finance cost
Paid interest on corporate revolving credit,Finance cost
Freight Forwarding Services Fees,Distribution cost
Loan insurance premiums for personal loan,Finance cost
Loan origination fees for personal loan,Finance cost
Invested in inventory accuracy improvement,Administrative expenses
Advertising agency fees,Distribution cost
Social media advertising campaign optimization fees,Distribution cost
Paid subscription fees for industry webinar series,Distribution cost
Subscription fees for trade publications,Administrative expenses
Freight charges for transporting goods,Distribution cost
Rental insurance premiums for commercial property rental,Finance cost
Promotional event planning and coordination fees,Distribution cost
Lease origination fees for retail space lease,Finance cost
Purchased new uniforms for distribution staff,Distribution cost
Interest on short-term loan,Finance cost
Loan origination fees for construction loan,Finance cost
Employee assistance program fees,Administrative expenses
Market trend analysis software optimization optimization training program fees,Distribution cost
Invested in supply chain traceability platforms,Distribution cost
Paid interest on mezzanine financing,Finance cost
Paid packaging costs for finished products,Distribution cost
Invested in predictive analytics software for demand forecasting,Distribution cost
Forklift Maintenance Costs,Distribution cost
Office renovation expenses,Administrative expenses
Interest on equipment financing line of credit,Finance cost
Paid interest on convertible bonds,Finance cost
Interest on personal line of credit,Finance cost
Building repair and maintenance costs,Administrative expenses
Processing fees for factoring,Finance cost
,
Website development costs,Administrative expenses
Paid interest on construction loans,Finance cost
Invested in supply chain optimization software,Distribution cost
Initial Coin Offering (ICO) Expenses,Finance cost
Renewed business licenses and permits,Administrative expenses
Paid interest on corporate installment loans,Finance cost
Office building security guard wages,Administrative expenses
Bought office aromatherapy diffusers for stress relief,Administrative expenses
Employee recognition program event teamwork contest fees,Administrative expenses
Software subscription renewal,Administrative expenses
Employee recognition program event decision-making competition fees,Administrative expenses
Paid interest on inventory credit lines,Finance cost
Invested in inventory management software,Distribution cost
Processing fees for business loan,Finance cost
Employee Training Program Fees,Administrative expenses
Sales team performance tracking system optimization integration training program fees,Distribution cost
Invested in route optimization software for distribution fleet,Distribution cost
Invested in electric charging stations for employee vehicles,Distribution cost
Reverse Logistics Services Fees,Distribution cost
Interest on merchant cash advance,Finance cost
Renovated order consolidation areas in distribution centers,Distribution cost
Invested in virtual reality training simulations for employees,Distribution cost
Interest on construction loan,Finance cost
Employee Transportation Reimbursement,Administrative expenses
Lease origination fees for commercial real estate lease financing,Finance cost
Bought noise-reducing panels for factory floor,Administrative expenses
Shipping container repurposing optimization fees,Distribution cost
Interest payment on mortgage,Finance cost
Employee recognition program event negotiation championship fees,Administrative expenses
Asset Valuation Services Fees,Finance cost
Paid interest on equipment leases,Finance cost
Invested in demand forecasting software,Administrative expenses
Overdraft charges,Finance cost
Employee benefits administration fees,Administrative expenses
Invested in supply chain orchestration and optimization platforms,Distribution cost
Invested in supply chain integration platforms,Distribution cost
Renewed contract with waste management company,Administrative expenses
Paid interest on factoring arrangements,Finance cost
Employee recognition program event schedule design fees,Administrative expenses
Trade show booth design and setup fees,Distribution cost
Loan insurance premiums for construction loan,Finance cost
Rental origination fees for equipment rental,Finance cost
Office space downsizing costs,Administrative expenses
Paid salaries for inventory auditors,Distribution cost
Online advertising performance analytics fees,Distribution cost
Paid interest on supply chain loans,Finance cost
Bought inventory visibility software,Distribution cost
Employee recognition program event leader matching fees,Administrative expenses
Janitorial services for office cleaning,Administrative expenses
Sales team training program fees,Distribution cost
Business Loan Refinancing Costs,Finance cost
Promotional event entertainment expenses,Distribution cost
Supply Chain Optimization Consulting Fees,Distribution cost
Paid interest on royalty financing,Finance cost
Paid salaries for production supervisors,Administrative expenses
Purchased inventory for distribution,Distribution cost
Software Development Tools Purchase,Administrative expenses
Rental origination fees for land rental,Finance cost
Telephone service subscription for office,Administrative expenses
Office space window cleaning fees,Administrative expenses
Paid interest on commercial paper,Finance cost
Bought office whiteboards for brainstorming sessions,Administrative expenses
Paid rent for warehouse storage,Distribution cost
Office space recycling program expenses,Administrative expenses
Paid interest on loans,Finance cost
Warehousing and storage fees,Distribution cost
Paid interest on vendor financing facilities,Finance cost
Paid customs duties for imported goods,Distribution cost
Shipping container repurposing optimization integration fees,Distribution cost
Sales team performance evaluation software subscription,Distribution cost
Paid rental fees for distribution center,Distribution cost
Processing fees for long-term loan,Finance cost
Paid interest on mortgage,Finance cost
Social media advertising costs,Distribution cost
Invested in supply chain demand planning software,Distribution cost
Employee recognition program marketing expenses,Administrative expenses
Employee recognition program event creativity championship fees,Administrative expenses
Paid subcontractor fees for production support,Distribution cost
Paid interest on corporate bonds,Finance cost
Paid distribution network security audit fees,Distribution cost
Sales team recruitment process optimization training program fees,Distribution cost
Credit risk insurance premiums,Distribution cost
Office Furniture Purchase,Administrative expenses
Office space planning and design fees,Administrative expenses
Paid dividends to shareholders,Finance cost
Shipping charges,Distribution cost
Employee Health Insurance Premiums,Administrative expenses
Financial risk assessment fees,Finance cost
Loan insurance premiums for short-term loan,Finance cost
Office equipment maintenance costs,Administrative expenses
Interest on home equity loan,Finance cost
Social media advertising campaign strategy consultation fees,Distribution cost
Transportation fees,Distribution cost
Office furniture rental charges,Administrative expenses
Financial Compliance Training Program Fees,Finance cost
Paid interest on term loans,Finance cost
Interest on peer-to-peer loan,Finance cost
Loan origination fees for microloan,Finance cost
Sales team performance tracking system integration optimization fees,Distribution cost
Employee training video production costs,Administrative expenses
Paid interest on project finance,Finance cost
Paid interest on lease financing,Finance cost
Utility bills for factory,Administrative expenses
Purchased maintenance contracts for factory equipment,Administrative expenses
Loan insurance premiums for construction line of credit,Finance cost
Warehouse rent payment,Distribution cost
Debt collection agency performance improvement optimization integration fees,Distribution cost
Lease origination fees for equipment lease,Finance cost
Invested in supply chain visibility and transparency technologies,Distribution cost
Foreign Exchange Risk Hedging Costs,Finance cost
Freight consolidation fees,Distribution cost
Office building landscaping maintenance costs,Administrative expenses
Loan Interest Payments,Finance cost
Processing fees for land lease,Finance cost
Annual employee performance review expenses,Administrative expenses
Hired legal counsel for contract review,Administrative expenses
Business association membership dues,Administrative expenses
Office building elevator maintenance contract fees,Administrative expenses
Paid interest on acquisition financing,Finance cost
Purchased new software for inventory management,Administrative expenses
Paid interest on supplier financing,Finance cost
Sales team recruitment process optimization integration training program fees,Distribution cost
Loan origination fees for business loan,Finance cost
Internet and phone service fees,Administrative expenses
Packaging material recycling program optimization optimization training program fees,Distribution cost
Renovated employee innovation labs,Administrative expenses
Import/export tariffs,Distribution cost
Distribution Center Equipment Rental,Distribution cost
Invested in RFID tracking system for inventory control,Distribution cost
Inventory Replenishment Costs,Distribution cost
Executive Coaching Program Fees,Administrative expenses
Invested in inventory optimization and replenishment,Distribution cost
Employee recognition program event feedback collection fees,Administrative expenses
Invested in just-in-time inventory management,Administrative expenses
Paid subscription fees for industry benchmarking reports,Distribution cost
Packaging material recycling program integration fees,Distribution cost
Office space security guard wages,Administrative expenses
Bought noise-canceling cubicle dividers for office,Administrative expenses
Paid distribution network maintenance costs,Distribution cost
Financial consulting services fees,Finance cost
Interest on company credit card balances,Finance cost
Marketing Collateral Printing Costs,Administrative expenses
Invested in real-time tracking technology for shipments,Distribution cost
Loan origination fees for factoring,Finance cost
Paid interest on trade finance agreements,Finance cost
Loan origination fees for commercial real estate loan,Finance cost
Lease Financing Costs,Finance cost
Employee recognition program event communication contest fees,Administrative expenses
Renewed insurance policies for factory machinery,Administrative expenses
Inventory management software integration optimization fees,Distribution cost
Salesperson salaries,Distribution cost
Purchased office software licenses,Administrative expenses
Employee recognition program event presentation contest fees,Administrative expenses
Office building pest control services fees,Administrative expenses
Credit risk assessment fees,Distribution cost
Training expenses for employees,Administrative expenses
Paid subscription fees for online productivity tools,Distribution cost
Freight forwarding charges,Distribution cost
Paid rental fees for distribution truck parking,Administrative expenses
Paid interest on vehicle loans,Finance cost
Invested in inventory cycle time reduction,Administrative expenses
Interest on revolving credit facility,Finance cost
Depreciation on office equipment,Administrative expenses
Inventory management software training program fees,Distribution cost
Implemented recycling program for factory waste,Administrative expenses
Processing fees for retail space lease,Finance cost
Invested in waste reduction initiatives,Administrative expenses
Rental origination fees for warehouse space rental,Finance cost
Interest on student loan,Finance cost
Business insurance premiums,Administrative expenses
Invested in employee health and safety programs,Administrative expenses
Paid salaries for inventory planners,Distribution cost
Online advertising platform customization fees,Distribution cost
Lease origination fees for commercial real estate lease,Finance cost
Warehouse Lease Extension Costs,Distribution cost
Asset management fees,Finance cost
Employee relocation assistance program expenses,Administrative expenses
Office building security camera installation fees,Administrative expenses
Inventory management software integration consulting fees,Distribution cost
Advertising campaign expenses,Distribution cost
Warehouse Lease Payment,Distribution cost
Paid licensing fees for software usage,Administrative expenses
Office building security system upgrade costs,Administrative expenses
Warehouse space optimization fees,Distribution cost
Loan insurance premiums for student loan,Finance cost
Business Continuity Planning Services Fees,Finance cost
Loan insurance premiums for equipment financing loan,Finance cost
Paid salaries for distribution staff,Distribution cost
Office space acoustic panel installation fees,Administrative expenses
Building insurance premium,Administrative expenses
Outdoor advertising expenses,Distribution cost
Financial Market Data Subscription Fee,Finance cost
Paid salaries for production planners,Administrative expenses
Processing fees for microloan,Finance cost
Packaging material recycling equipment purchase,Distribution cost
Interest on equipment financing loan,Finance cost
Financial Risk Assessment Consulting Fees,Finance cost
Paid interest on corporate credit arrangements,Finance cost
Processing fees for office space lease,Finance cost
Office space painting and decorating costs,Administrative expenses
Employee recognition program event creativity tournament fees,Administrative expenses
Credit card processing fees,Distribution cost
Financial Derivatives Trading Fees,Finance cost
Financial Advisory Services Fees,Finance cost
Invested in supply chain agility platforms,Distribution cost
Paid interest on overdraft facilities,Finance cost
Renovated employee training facilities,Administrative expenses
Lease insurance premiums for commercial real estate lease financing,Finance cost
Paid subscription fees for industry trend analysis reports,Distribution cost
Market analysis fees,Distribution cost
Packaging machinery purchases,Distribution cost
Paid interest on prepayment facilities,Finance cost
Sales team recruitment process optimization optimization training program fees,Distribution cost
Lease origination fees for office space lease,Finance cost
Sales team performance tracking system optimization optimization training program fees,Distribution cost
Trade show booth transportation fees,Distribution cost
Processing fees for equipment lease financing,Finance cost
Employee morale building program expenses,Administrative expenses
Employee performance review software subscription,Administrative expenses
Lease insurance premiums for commercial real estate lease,Finance cost
Renovated employee restroom facilities,Administrative expenses
Customer service training program fees,Administrative expenses
Paid interest on corporate finance leases,Finance cost
Inventory storage fees,Distribution cost
Marketing research expenses,Distribution cost
Office rent payment,Administrative expenses
Packaging material recycling fees,Distribution cost
Office space signage installation fees,Administrative expenses
Tax audit representation fees,Finance cost
Online advertising expenses,Distribution cost
Utility bills for office space,Administrative expenses
Customer credit monitoring services fees,Distribution cost
Bought office massage chairs for relaxation,Administrative expenses
Logistics route optimization software optimization training program fees,Distribution cost
Invested in supply chain demand forecasting and planning software,Distribution cost
Logistics tracking system subscription,Distribution cost
Sales team performance assessment consulting fees,Distribution cost
Investment Portfolio Diversification Costs,Finance cost
Paid interest on purchase finance,Finance cost
Invested in inventory demand sensing technology,Administrative expenses
Office space air quality testing fees,Administrative expenses
Trade show booth staffing fees,Distribution cost
Processing fees for business vehicle lease financing,Finance cost
Shipping container rental fees,Distribution cost
Credit risk assessment training program fees,Distribution cost
Invested in inventory dead stock reduction,Administrative expenses
Logistics route optimization consulting fees,Distribution cost
Rental insurance premiums for warehouse space rental,Finance cost
Customs clearance charges,Distribution cost
Bad debt expenses,Distribution cost
Trade show booth staffing optimization consulting fees,Distribution cost
Consulting Fees for Financial Planning,Finance cost
Bought office artwork for aesthetic enhancement,Administrative expenses
Interest on business loans,Finance cost
Office supplies delivery charges,Administrative expenses
Promotional event planning and coordination optimization integration fees,Distribution cost
Loan origination fees for short-term loan,Finance cost
Tax preparation services,Finance cost
Employee recognition program event mentor matching fees,Administrative expenses
Market research costs,Distribution cost
Implemented flexible work hours for administrative staff,Administrative expenses
Paid salaries for distribution center managers,Distribution cost
Warehouse equipment purchase,Distribution cost
Lease insurance premiums for equipment lease,Finance cost
Interest on business credit card debt,Finance cost
Stock Market Investment Expenses,Finance cost
Office space interior design fees,Administrative expenses
Sales team management software subscription,Distribution cost
Office furniture purchases,Administrative expenses
Processing fees for small business loan,Finance cost
Packaging material recycling program optimization optimization fees,Distribution cost
Sales incentive program expenses,Distribution cost
Packaging material recycling program integration optimization fees,Distribution cost
Office space security camera installation costs,Administrative expenses
Loan insurance premiums for commercial real estate line of credit,Finance cost
Credit Risk Assessment Software License,Finance cost
Advertising space rental fees,Distribution cost
Employee performance evaluation software license,Administrative expenses
Invested in supply chain visibility technology,Administrative expenses
Purchased office supplies,Administrative expenses
Employee recognition program event communication championship fees,Administrative expenses
Interest on factoring,Finance cost
Employee recognition program event presentation competition fees,Administrative expenses
Paid shipping fees for online orders,Distribution cost
Trade show booth staffing agency fees,Distribution cost
Market trend analysis training program fees,Distribution cost
Sales commission payments,Distribution cost
Invested in employee health insurance benefits,Administrative expenses
Online marketing campaign costs,Distribution cost
Shipping container repurposing fees,Distribution cost
Real Estate Investment Expenses,Finance cost
Storage rental fees for excess inventory,Distribution cost
Trade show booth staffing optimization optimization fees,Distribution cost
Processing fees for commercial real estate line of credit,Finance cost
Paid interest on revolving credit facility,Finance cost
Invested in supply chain agility and flexibility technologies,Distribution cost
Interest on land rental,Finance cost
Investment in Government Bonds,Finance cost
Paid interest on import financing,Finance cost
Packaging Materials Purchase,Distribution cost
Shipping container maintenance fees,Distribution cost
Credit risk assessment software customization fees,Distribution cost
Office space soundproofing expenses,Administrative expenses
Financial Market Analysis Consulting Fees,Finance cost
Office space building security system installation fees,Administrative expenses
Merchant Account Fees,Finance cost
Renovated employee break room,Administrative expenses
Office space security system installation costs,Administrative expenses
Warehouse security system monitoring software integration optimization optimization training program fees,Distribution cost
Office space remodeling costs,Administrative expenses
Packaging material sourcing strategy optimization consulting fees,Distribution cost
Renewed subscription for cloud storage service,Administrative expenses
Online advertising platform subscription,Distribution cost
Lease insurance premiums for office space lease,Finance cost
Subscription Fee for Tax Compliance Software,Finance cost
Interest on home equity line of credit,Finance cost
Annual audit fees,Administrative expenses
Market trend analysis software subscription,Distribution cost
Customer credit check expenses,Distribution cost
Employee Onboarding Program Expenses,Administrative expenses
Cleaning supplies for office,Administrative expenses
Credit risk assessment software integration optimization optimization fees,Distribution cost
Employee recognition program event problem-solving competition fees,Administrative expenses
Lease origination fees for business vehicle lease financing,Finance cost
Debt collection agency performance improvement optimization optimization fees,Distribution cost
Shipping container repurposing optimization optimization training program fees,Distribution cost
Renovated employee cross-training areas,Administrative expenses
Lease origination fees for warehouse space lease,Finance cost
Implemented energy-saving initiatives in factory,Administrative expenses
Processing fees for residential property rental,Finance cost
Processing fees for land rental,Finance cost
Inventory Storage Solutions Purchase,Distribution cost
Loan origination fees for mortgage,Finance cost
Lease insurance premiums for machinery lease,Finance cost
Sales team travel expenses,Distribution cost
Product labeling and barcoding expenses,Distribution cost
Vehicle registration fees,Finance cost
Supply chain consulting fees,Distribution cost
Hired motivational speakers for employee morale boost,Administrative expenses
Renovated employee nap pods for rejuvenation,Administrative expenses
Packaging material sourcing strategy optimization optimization fees,Distribution cost
Shipping route optimization fees,Distribution cost
Paid lease fees for distribution vehicles,Distribution cost
Loan insurance premiums for car loan,Finance cost
Processing fees for home equity loan,Finance cost
Office building elevator repair costs,Administrative expenses
Inventory storage rack purchase,Distribution cost
Interest on office space lease,Finance cost
Paid interest on credit line,Finance cost
Credit card annual fees,Finance cost
Employee recognition program event problem-solving tournament fees,Administrative expenses
Invested in supply chain efficiency and resilience,Distribution cost
Organized company-sponsored charity events,Administrative expenses
Promotional event catering services fees,Distribution cost
Office building maintenance fees,Administrative expenses
Packaging material quality control inspection fees,Distribution cost
Printing and copying services,Administrative expenses
Market segmentation analysis fees,Distribution cost
Office space fire sprinkler system maintenance costs,Administrative expenses
Logistics route optimization software integration optimization optimization training program fees,Distribution cost
Financial planning advisory fees,Finance cost
Logistics route optimization software optimization fees,Distribution cost
Equipment repair and maintenance costs,Administrative expenses
Market trend analysis software optimization fees,Distribution cost
Invested in marketing campaigns,Distribution cost
Invested in employee wellness programs,Administrative expenses
Distribution Network Expansion Costs,Distribution cost
Social media advertising campaign management fees,Distribution cost
Employee recognition plaque purchase,Administrative expenses
Renovated employee demand forecasting areas,Administrative expenses
Distribution Center Security System Upgrade,Distribution cost
Reverse logistics expenses,Distribution cost
Sales team performance tracking system integration fees,Distribution cost
Employee salaries and benefits,Administrative expenses
Escrow charges for mortgage,Finance cost
Employee recognition program event catering services fees,Administrative expenses
Interest on commercial property rental,Finance cost
Paid interest on short-term credit facilities,Finance cost
Purchase of Treasury Bills,Finance cost
Delivery Fleet Expansion Expenses,Distribution cost
Processing fees for short-term loan,Finance cost
Bought ergonomic keyboards and mice,Administrative expenses
Market trend analysis software optimization integration fees,Distribution cost
Warehouse Automation Software License,Distribution cost
Office building interior painting services fees,Administrative expenses
Office relocation expenses,Administrative expenses
Expense Fraud Detection Software License,Finance cost
Invested in autonomous inventory drones for warehouse management,Distribution cost
Warehouse security system monitoring software subscription,Distribution cost
Paid interest on corporate credit facilities,Finance cost
Paid interest on franchise financing,Finance cost
Loan origination fees for small business loan,Finance cost
Processing fees for merchant cash advance,Finance cost
Inventory management software integration optimization integration fees,Distribution cost
Interest on machinery lease,Finance cost
Paid interest on corporate credit card,Finance cost
Invested in employee mental health support programs,Administrative expenses
Inventory management software subscription,Distribution cost
Debt collection agency compliance audit fees,Distribution cost
Subscription Fee for Financial Modeling Tools,Finance cost
Packaging material recycling program consulting fees,Distribution cost
Promotional event expenses,Distribution cost
Online advertising platform performance analytics optimization fees,Distribution cost
Paid subscription fees for industry-specific software,Distribution cost
Employee recognition program consulting fees,Administrative expenses
Paid insurance premiums for distribution vehicles,Distribution cost
Office building lobby renovation costs,Administrative expenses
Freight forwarding fees,Distribution cost
Promotional event setup and teardown fees,Distribution cost
Office Supplies Purchase,Administrative expenses
Trade show booth staffing optimization training program fees,Distribution cost
Purchase of Stocks,Finance cost
Inventory management software license renewal,Distribution cost
Rental insurance premiums for office space rental,Finance cost
Promotional event planning and coordination integration fees,Distribution cost
Purchased new computers for office,Administrative expenses
Renovated order fulfillment speed and accuracy optimization areas,Distribution cost
Market trend analysis software integration training program fees,Distribution cost
Renovated employee break areas,Administrative expenses
Sales team recruitment expenses,Distribution cost
Travel Expenses for Executives,Administrative expenses
Accounting and auditing fees,Administrative expenses
Invested in autonomous delivery robots for warehouse operations,Distribution cost
Corporate Event Planning Services Fees,Administrative expenses
Paid interest on aircraft financing,Finance cost
Credit risk assessment software integration training program fees,Distribution cost
Market research report purchase,Distribution cost
Online advertising platform performance analytics optimization integration fees,Distribution cost
Office building exterior painting costs,Administrative expenses
Invested in supply chain flexibility optimization,Distribution cost
Interest on commercial real estate lease,Finance cost
Renovated employee quiet zones,Administrative expenses
Employee retirement plan contributions,Administrative expenses
Market trend analysis software integration optimization training program fees,Distribution cost
Invested in blockchain technology for supply chain transparency,Distribution cost
Paid interest on operating leases,Finance cost
Interest on business vehicle lease,Finance cost
Packaging material disposal fees,Distribution cost
Packaging Design Services Fees,Distribution cost
Transportation Fees, Distribution cost
Warehouse Security Services Fees,Distribution cost
Packaging material recycling program setup fees,Distribution cost
Employee recognition program event decision-making championship fees,Administrative expenses
Office space waste management services fees,Administrative expenses
Bought office beanbag chairs for comfort,Administrative expenses
Customer satisfaction survey expenses,Distribution cost
Renovated employee meditation rooms for stress relief,Administrative expenses
Organized wellness retreat for administrative staff,Administrative expenses
Employee recognition dinner expenses,Administrative expenses
Distribution Center Security Services Fees,Distribution cost
Customer credit limit assessment fees,Distribution cost
Bought office stationery supplies,Administrative expenses
Paid interest on commercial lines of credit,Finance cost
Office space ventilation system maintenance costs,Administrative expenses
Paid interest on asset-based loans,Finance cost
Debt collection agency settlement fees,Distribution cost
Interest on business vehicle lease financing,Finance cost
Paid interest on letter of credit financing,Finance cost
Office space heating system maintenance costs,Administrative expenses
Investment in bonds,Finance cost
Hired consulting services for process optimization,Administrative expenses
Employee recognition program event security services fees,Administrative expenses
Depreciation on office building,Administrative expenses
Sales team performance tracking system integration training program fees,Distribution cost
Invested in research and development activities,Distribution cost
Customer Relationship Management Software License,Administrative expenses
Employee recognition program event itinerary design fees,Administrative expenses
Packaging material sourcing strategy consultation fees,Distribution cost
Social Media Marketing Campaign Costs,Administrative expenses
Donation to charity,Administrative expenses
Interest on credit card debt,Finance cost
Paid interest on export financing,Finance cost
Professional development courses for employees,Administrative expenses
Loan origination fees for equipment financing loan,Finance cost
Packaging material sustainability assessment fees,Distribution cost
Inventory storage optimization fees,Distribution cost
Office building security system maintenance costs,Administrative expenses
Expense Reimbursement Processing Fees,Finance cost
Litigation Settlement Costs,Finance cost
Office building exterior lighting installation costs,Administrative expenses
Paid interest on equipment loans,Finance cost
Invested in supply chain sustainability software,Distribution cost
Bought ergonomic office chairs,Administrative expenses
Employee recognition program event venue rental fees,Administrative expenses
Trade show booth rental fees,Distribution cost
Loan interest payment,Finance cost
Issued bonds for financing,Finance cost
Business Process Outsourcing Services Fees,Administrative expenses
Invested in electric delivery vehicles,Distribution cost
Subscription Fee for Economic Forecasting Service,Finance cost
Rental origination fees for residential property rental,Finance cost
Promotional event planning and coordination optimization optimization training program fees,Distribution cost
Employee recognition program event creativity competition fees,Administrative expenses
Inventory management software integration optimization optimization fees,Distribution cost
Advertising Expenses,Administrative expenses
Renovated employee quiet rooms for meditation,Administrative expenses
Interest on equipment lease financing,Finance cost
Online advertising campaign management fees,Distribution cost
Processing fees for invoice financing,Finance cost
Paid lease fees for distribution warehouse,Distribution cost
Renovated employee gymnasium,Administrative expenses
Freight forwarding services charges,Distribution cost
Paid interest on working capital facilities,Finance cost
Paid interest on acquisition lines of credit,Finance cost
Office space lease termination fees,Administrative expenses
Market trend analysis software customization fees,Distribution cost
Social media advertising management fees,Distribution cost
Debt collection legal fees,Distribution cost
Interest on retail space rental,Finance cost
Distribution route optimization software license,Distribution cost
Paid interest on trade credit,Finance cost
Lease insurance premiums for business vehicle lease,Finance cost
Office maintenance and repairs,Administrative expenses
Equipment maintenance costs for factory,Administrative expenses
Employee recognition certificate printing fees,Administrative expenses
Office space expansion costs,Administrative expenses
Office space plumbing system maintenance costs,Administrative expenses
Shipping container repurposing consulting fees,Distribution cost
Trade show booth staffing training program fees,Distribution cost
Invested in employee training programs,Administrative expenses
Mortgage insurance premiums,Finance cost
Packaging material inspection fees,Distribution cost
Invested in renewable energy solutions for factory,Administrative expenses
Invested in predictive maintenance software for factory equipment,Distribution cost
Legal compliance consulting fees,Administrative expenses
Debt collection agency performance improvement integration fees,Distribution cost
Market trend analysis software optimization optimization fees,Distribution cost
Supplier Quality Management Costs,Administrative expenses
Paid interest on leaseback transactions,Finance cost
Paid overtime wages for factory production line workers,Distribution cost
Loan origination fees for peer-to-peer loan,Finance cost
Renovated office space,Administrative expenses
Employee recognition program event setup fees,Administrative expenses
Interest on warehouse space lease,Finance cost
Renovated employee gaming areas for relaxation,Administrative expenses
Credit risk assessment software integration fees,Distribution cost
Paid interest on installment loans,Finance cost
Loan origination fees for invoice financing,Finance cost
Sales team recruitment process optimization optimization fees,Distribution cost
Paid insurance premium for distribution vehicles,Distribution cost
Packaging material lifecycle assessment fees,Distribution cost
Credit risk assessment software subscription,Distribution cost
Bought office plants for improving workplace environment,Administrative expenses
Shipping container disposal fees,Distribution cost
Sales team performance tracking system optimization fees,Distribution cost
Interest payment on car loan,Finance cost
Office building elevator maintenance costs,Administrative expenses
Processing fees for peer-to-peer loan,Finance cost
Transportation costs for shipping raw materials,Distribution cost
Loan insurance premiums for business line of credit,Finance cost
Rental insurance premiums for retail space rental,Finance cost
Executive salaries,Administrative expenses
Paid freight charges for importing raw materials,Distribution cost
Purchased delivery trucks,Distribution cost
Cost of Structured Investment Products,Finance cost
Paid utility bills for factory operations,Administrative expenses
Invested in inventory optimization and planning,Distribution cost
Credit risk assessment consulting fees,Distribution cost
Credit risk assessment software integration optimization fees,Distribution cost
Conference registration fees,Administrative expenses
Business Loan Origination Fees,Finance cost
Rental origination fees for office space rental,Finance cost
Office building landscaping expenses,Administrative expenses
Hosted company-wide training workshops,Administrative expenses
Bought noise-canceling headphones for office use,Administrative expenses
Depreciation on office furniture,Administrative expenses
Product Packaging Design Costs,Distribution cost
Financial Transaction Processing Fees,Finance cost
Office building air conditioning system maintenance costs,Administrative expenses
Renovated employee karaoke rooms for team building,Administrative expenses
Loan insurance premiums for small business loan,Finance cost
Rental insurance premiums for land rental,Finance cost
Paid interest on subordinated debt,Finance cost
Office space security camera maintenance fees,Administrative expenses
Loan insurance premiums for commercial real estate loan,Finance cost
Paid interest on import/export financing,Finance cost
Credit Card Processing Fees,Finance cost
Logistics route optimization software subscription,Distribution cost
Office equipment disposal fees,Administrative expenses
Packaging material recycling process optimization fees,Distribution cost
Loan insurance premiums for personal line of credit,Finance cost
Employee recognition program event decision-making tournament fees,Administrative expenses
Lease insurance premiums for land lease,Finance cost
Auditing Fees,Finance cost
Paid professional association membership dues,Administrative expenses
Invested in supply chain optimization and allocation,Distribution cost
Security services for office,Administrative expenses
Invested in employee education assistance programs,Administrative expenses
Paid interest on bonds,Finance cost
Freight brokerage fees,Distribution cost
Loan insurance premiums for home equity loan,Finance cost
Warehouse security system maintenance training fees,Distribution cost
Processing fees for construction loan,Finance cost
Office space odor control measures expenses,Administrative expenses
Sales team performance tracking system customization fees,Distribution cost
Credit Rating Agency Fees,Finance cost
Bought office exercise equipment for employee fitness,Administrative expenses
Paid interest on trade finance,Finance cost
Logistics route optimization software integration fees,Distribution cost
Electricity bill for office,Administrative expenses
Expense Tracking Software Subscription Fee,Finance cost
Paid interest on short-term credit agreements,Finance cost
Expense Description,Expense Class
Furniture purchase for office expansion,Administrative expenses
Loan insurance premiums for peer-to-peer loan,Finance cost
Promotional event decoration and setup fees,Distribution cost
Packaging material recycling program optimization training program fees,Distribution cost
Office space security camera monitoring fees,Administrative expenses
Online advertising platform performance analytics customization fees,Distribution cost
Processing fees for commercial real estate loan,Finance cost
Employee recognition program event signage design fees,Administrative expenses
Credit and collection expenses,Distribution cost
Loan insurance premiums for equipment financing line of credit,Finance cost
Paid interest on commodity finance,Finance cost
Online advertising platform performance analytics optimization optimization training program fees,Distribution cost
Processing fees for office space rental,Finance cost
Software License Renewal Fee,Administrative expenses
Processing fees for equipment lease,Finance cost
Processing fees for home equity line of credit,Finance cost
Debt collection agency performance improvement consulting fees,Distribution cost
Processing fees for equipment financing loan,Finance cost
Packaging material sourcing optimization fees,Distribution cost
Paid property taxes for office building,Administrative expenses
Office building parking lot maintenance costs,Administrative expenses
Renovated employee collaboration spaces,Administrative expenses
Property tax for office building,Administrative expenses
Loan origination fees for long-term loan,Finance cost
Subscription Fee for Risk Management Software,Finance cost
Packaging materials for products,Distribution cost
Loan origination fees for merchant cash advance,Finance cost
Sales team performance tracking system optimization optimization fees,Distribution cost
Renovation costs for factory premises,Administrative expenses
Debt collection agency performance improvement optimization fees,Distribution cost
Warehouse security system monitoring software integration optimization fees,Distribution cost
Invested in automated inventory replenishment system,Distribution cost
Consulting Fees for Mergers and Acquisitions,Finance cost
Promotional merchandise purchase,Administrative expenses
Paid interest on purchase order financing,Finance cost
Paid interest on equipment leasing,Finance cost
Paid royalties for intellectual property usage,Distribution cost
Paid salaries for maintenance technicians,Administrative expenses
Employee exit interview expenses,Administrative expenses
Inventory management software customization fees,Distribution cost
Financial Regulatory Compliance Consulting Fees,Finance cost
Software Maintenance Contract Renewal Fee,Administrative expenses
Paid interest on inventory financing,Finance cost
Lease insurance premiums for retail space lease,Finance cost
Invested in energy-efficient lighting for factory,Administrative expenses
Interest on microloan,Finance cost
Social media advertising campaign performance analysis fees,Distribution cost
Shipping container repurposing optimization optimization fees,Distribution cost
Processing fees for machinery lease,Finance cost
Sales team recruitment process optimization integration fees,Distribution cost
Office building fire alarm system installation costs,Administrative expenses
Interest on small business loan,Finance cost
Paid incentives for distribution center performance,Administrative expenses
Processing fees for personal loan,Finance cost
Stock Options Compensation Expenses,Finance cost
Sales incentive travel program expenses,Distribution cost
Sales commission software subscription,Distribution cost
Paid distribution facility security costs,Distribution cost
Bought office standing desks for ergonomic health,Administrative expenses
Debt collection agency outsourcing fees,Distribution cost
Foreign Exchange Transaction Costs,Finance cost
Packaging design costs,Distribution cost
Paid overtime wages for distribution center workers,Distribution cost
Employee morale survey expenses,Administrative expenses
Internet service subscription for office,Administrative expenses
Employee recognition program event negotiation tournament fees,Administrative expenses
Debt collection agency performance evaluation fees,Distribution cost
Sales team performance improvement program fees,Distribution cost
Paid subscription fees for cloud-based collaboration software,Distribution cost
Investment in stocks,Finance cost
Social media advertising campaign optimization optimization training program fees,Distribution cost
Paid delivery fees for customer orders,Distribution cost
Debt collection agency technology upgrade fees,Distribution cost
Distribution network optimization service charges,Distribution cost
Stock trading commission fees,Finance cost
Logistics route optimization software integration optimization fees,Distribution cost
Interest on construction line of credit,Finance cost
Packaging Machinery Purchase,Distribution cost
Paid interest on real estate loans,Finance cost
Office Renovation Costs,Administrative expenses
Loan insurance premiums for microloan,Finance cost
Social media advertising campaign optimization integration training program fees,Distribution cost
Paid interest on trade financing agreements,Finance cost
Processing fees for commercial real estate lease financing,Finance cost
Credit risk assessment software training program fees,Distribution cost
Paid subscription fees for industry trade journals,Distribution cost
Trade show booth staffing optimization integration fees,Distribution cost
Promotional event planning and coordination optimization optimization fees,Distribution cost
Financial Reporting Software License Renewal Fee,Finance cost
Subscription fees for financial software,Finance cost
Lease origination fees for equipment lease financing,Finance cost
Invested in supply chain inventory optimization and replenishment,Distribution cost
Packaging labeling costs,Distribution cost
Stock market analysis software subscription,Finance cost
Trade show booth staffing optimization optimization training program fees,Distribution cost
Employee Benefits Program Costs,Administrative expenses
Processing fees for personal line of credit,Finance cost
Inventory management software integration optimization training program fees,Distribution cost
Office building security camera maintenance costs,Administrative expenses
Shipping fees,Distribution cost
Office lease renewal fees,Administrative expenses
Insurance Premiums for Directors and Officers,Finance cost
Processing fees for commercial property rental,Finance cost
Warehouse shelving purchase,Distribution cost
Website hosting and maintenance fees,Administrative expenses
Accounting software subscription,Finance cost
Paid interest on overdraft facility,Finance cost
Packaging material supply chain audit fees,Distribution cost
Security system maintenance fees,Administrative expenses
Paid commissions to sales representatives,Distribution cost
Renovated employee vendor-managed inventory areas,Administrative expenses
Employee recognition program event teardown fees,Administrative expenses
Packing station equipment purchase,Distribution cost
Processing fees for commercial real estate lease,Finance cost
Finance charges on business credit card debt,Finance cost
Shipping label printing costs,Distribution cost
Packaging material recycling program optimization fees,Distribution cost
Loan insurance premiums for business loan,Finance cost
Lease origination fees for land lease,Finance cost
Implemented ergonomic workstation assessments,Administrative expenses
Fulfillment center lease payment,Distribution cost
Market penetration analysis fees,Distribution cost
Investment Management Fees,Finance cost
Logistics optimization consulting fees,Distribution cost
Sales team recruitment training program fees,Distribution cost
Subscription Fee for Investment Research Platform,Finance cost
Product packaging testing fees,Distribution cost
Subscription Fee for Financial Analysis Software,Finance cost
Paid distribution truck maintenance fees,Distribution cost
Paid interest on inventory loans,Finance cost
Promotional event planning and coordination consulting fees,Distribution cost
Employee training workshop fees,Administrative expenses
Social media advertising campaign optimization optimization fees,Distribution cost
Packaging material sourcing strategy optimization optimization training program fees,Distribution cost
Renovated employee wellness facilities,Administrative expenses
Facility maintenance service charges,Administrative expenses
Cost of Hedge Fund Investments,Finance cost
Advertising material printing costs,Distribution cost
Bought office furniture and fixtures,Administrative expenses
Employee performance improvement program expenses,Administrative expenses
Membership dues for industry associations,Administrative expenses
Expense Management System Subscription Fee,Finance cost
Paid import/export documentation fees,Distribution cost
Repairs for distribution vehicles,Distribution cost
Product packaging design fees,Distribution cost
Equity Investment Management Fees,Finance cost
Loan origination fees,Finance cost
Paid interest on vendor financing,Finance cost
Office building roof repair costs,Administrative expenses
Debt collection agency performance improvement training program fees,Distribution cost
Health and safety training program fees,Administrative expenses
Lease origination fees for machinery lease,Finance cost
Invested in inventory management software with AI capabilities,Distribution cost
Paid transportation costs for employee shuttle service,Distribution cost
Employee break room refreshments,Administrative expenses
Employee suggestion box purchase,Administrative expenses
Trade show booth design consultation fees,Distribution cost
Loan Principal Repayment,Finance cost
Finance charges on personal loan,Finance cost
Promotional giveaway items purchase,Distribution cost
Facility Maintenance Costs,Administrative expenses
Renovated employee restrooms in factory,Administrative expenses
Warehouse security system upgrade fees,Distribution cost
Warehouse temperature control system installation fees,Distribution cost
Custom packaging design fees,Distribution cost
Promotional expenses,Distribution cost
Professional Development Seminar Fees,Administrative expenses
Legal document drafting fees,Administrative expenses
Interest on commercial real estate line of credit,Finance cost
Interest on commercial real estate loan,Finance cost
Hired temporary staff for seasonal workload,Administrative expenses
Customer Order Fulfillment Costs,Distribution cost
Interest on personal loan,Finance cost
Interest on residential property rental,Finance cost
Renovated conference rooms for client meetings,Administrative expenses
Renovated employee supplier relationship areas,Administrative expenses
Inventory management consulting fees,Distribution cost
Invested in customer relationship management software,Distribution cost
Annual financial report preparation fees,Finance cost
Organized team-building activities for employees,Administrative expenses
Software subscription for office use,Administrative expenses
Interest on business line of credit,Finance cost
Product return processing fees,Distribution cost
Packaging material recycling program optimization integration fees,Distribution cost
Office building exterior painting services fees,Administrative expenses
Travel expenses for business trips,Administrative expenses
Employee recognition program event problem-solving contest fees,Administrative expenses
Inventory management software optimization fees,Distribution cost
Paid interest on venture debt,Finance cost
Employee recognition program software subscription,Administrative expenses
Paid interest on receivables financing,Finance cost
Logistics route optimization software customization fees,Distribution cost
Loan origination fees for student loan,Finance cost
Insurance Premiums for Asset Protection,Finance cost
Paid fuel expenses for distribution vehicles,Distribution cost
Warehouse security system monitoring software customization fees,Distribution cost
Employee recognition program event negotiation competition fees,Administrative expenses
Promotional event venue decoration fees,Distribution cost
Interest on land lease,Finance cost
Employee Recognition Program Expenses,Administrative expenses
Interest on long-term loan,Finance cost
Warehouse security system monitoring software integration optimization optimization fees,Distribution cost
Paid distribution network expansion costs,Distribution cost
Paid interest on trade credit financing arrangements,Finance cost
Purchase of Structured Notes,Finance cost
Paid interest on trade lines of credit,Finance cost
Distribution Network Optimization Software License,Distribution cost
Paid distribution network optimization consulting fees,Distribution cost
Accounting staff salaries,Administrative expenses
Processing fees for warehouse space lease,Finance cost
Invested in virtual reality training simulations for distribution staff,Distribution cost
Loan origination fees for home equity loan,Finance cost
Paid overtime wages for factory workers,Administrative expenses
Logistics efficiency improvement program fees,Distribution cost
Warehouse Inventory Management Software License,Distribution cost
Renovated order fulfillment automation and accuracy areas,Distribution cost
Renovated employee cafeteria,Administrative expenses
Investment in Exchange-Traded Funds (ETFs),Finance cost
Office security system installation fees,Administrative expenses
Bought office printers and copiers,Administrative expenses
Warehouse security personnel training program fees,Distribution cost
Paid interest on corporate term loans,Finance cost
Processing fees for business vehicle lease,Finance cost
Cold storage facility rental fees,Distribution cost
Social media advertising campaign optimization integration fees,Distribution cost
Office space cleaning services fees,Administrative expenses
Paid interest on equipment financing,Finance cost
Sales team recruitment advertising expenses,Distribution cost
Paid shipping insurance for high-value goods,Distribution cost
Paid interest on factored receivables,Finance cost
Social media advertising campaign optimization training program fees,Distribution cost
Bought office equipment and furniture,Administrative expenses
Software development outsourcing fees,Administrative expenses
Office building janitorial services wages,Administrative expenses
Invested in inventory optimization software,Distribution cost
Packaging design consultation fees,Distribution cost
Invested in automated order processing system,Distribution cost
Consultation fees for financial planning,Administrative expenses
Office stationery purchase,Administrative expenses
Invested in supply chain demand forecasting software,Distribution cost
Licensing fees for intellectual property,Distribution cost
Office lease termination fees,Administrative expenses
Sales team salaries,Distribution cost
Bank Loan Processing Fees,Finance cost
Office building security services fees,Administrative expenses
Paid subscription fees for employee wellness apps,Distribution cost
Invested in inventory management and optimization,Distribution cost
Expense Allocation Management Software License,Finance cost
Bought office mini-fridges for employee snacks,Administrative expenses
Invested in inventory demand forecasting software,Distribution cost
Office utilities setup fees,Administrative expenses
Focus group facilitation fees,Distribution cost
Supplier Relationship Management Software License,Distribution cost
Employee recognition program event program design fees,Administrative expenses
Credit risk assessment software integration optimization training program fees,Distribution cost
Legal Compliance Training Program Fees,Administrative expenses
Marketing campaign expenses,Distribution cost
Processing fees for revolving credit facility,Finance cost
Paid subscription fees for industry regulatory compliance updates,Distribution cost
Sales team performance improvement consulting fees,Distribution cost
Invested in employee incentive programs,Distribution cost
Paid salaries for inventory coordinators,Distribution cost
Processing fees for equipment financing line of credit,Finance cost
Employee recognition program event decision-making contest fees,Administrative expenses
Employee recognition program event teamwork tournament fees,Administrative expenses
Interest on equipment rental,Finance cost
Packaging material sustainability certification fees,Distribution cost
Legal fees for contract negotiation,Administrative expenses
Paid salaries for production coordinators,Administrative expenses
Rental origination fees for retail space rental,Finance cost
Online advertising platform optimization consulting fees,Distribution cost
Promotional event planning and coordination optimization fees,Distribution cost
Financial Performance Analysis Software License,Finance cost
Promotional merchandise storage fees,Distribution cost
Inventory management software integration training program fees,Distribution cost
Paid interest on structured finance,Finance cost
Paid interest on asset financing,Finance cost
Employee suggestion program expenses,Administrative expenses
Promotional merchandise purchase,Distribution cost
Invested in predictive maintenance technology,Administrative expenses
Inventory turnover analysis consulting fees,Distribution cost
Invested in drone delivery technology,Distribution cost
Service charges for overdraft facility,Finance cost
Warehouse lease fees,Distribution cost
Trade show booth setup and dismantling fees,Distribution cost
Paid advertising expenses for product launch,Distribution cost
Employee recognition program event negotiation contest fees,Administrative expenses
Invested in employee recognition programs,Administrative expenses
Software subscriptions for office operations,Administrative expenses
Employee recognition program event presentation championship fees,Administrative expenses
Legal Consultation Fees,Administrative expenses
Employee recognition program event presentation tournament fees,Administrative expenses
Legal settlements,Administrative expenses
Invested in autonomous delivery drones,Distribution cost
Product Development Costs,Administrative expenses
Processing fees for warehouse space rental,Finance cost
Sales team recruitment process optimization fees,Distribution cost
Paid interest on short-term financing agreements,Finance cost
Initial Public Offering (IPO) Expenses,Finance cost
Paid salaries for administrative staff,Administrative expenses
Social media advertising campaign tracking fees,Distribution cost
Packaging material recycling program management fees,Distribution cost
Employee recognition program event communication competition fees,Administrative expenses
Paid transportation fees for returning defective products,Distribution cost
Employee engagement survey expenses,Administrative expenses
Third-party Logistics Services Fees,Distribution cost
Market trend analysis software integration fees,Distribution cost
Invested in inventory turnover rate improvement,Administrative expenses
Finance charges on credit card debt,Finance cost
Cryptocurrency Transaction Fees,Finance cost
Renovated packaging areas in distribution centers,Distribution cost
Purchase of Corporate Bonds,Finance cost
Social media advertising campaign optimization consulting fees,Distribution cost
Packaging material sourcing strategy optimization fees,Distribution cost
Shipping container repurposing training program fees,Distribution cost
Bought standing desks for office employees,Administrative expenses
Shipping container recycling fees,Distribution cost
Interest on business loan,Finance cost
Packaging material sourcing strategy optimization integration fees,Distribution cost
Logistics route optimization software integration optimization optimization fees,Distribution cost
Logistics management fees,Distribution cost
Office building security system monitoring fees,Administrative expenses
Paid interest on revolving credit,Finance cost
Interest on warehouse space rental,Finance cost
Distribution Center Rent,Distribution cost
Fleet Vehicle Maintenance Costs,Distribution cost
Market trend analysis consulting fees,Distribution cost
Office building window replacement costs,Administrative expenses
Lease insurance premiums for warehouse space lease,Finance cost
Market demand forecasting consulting fees,Distribution cost
Packaging material sourcing strategy optimization integration training program fees,Distribution cost
Office equipment leasing fees,Administrative expenses
Employee benefits package costs,Administrative expenses
Paid storage rental fees for excess inventory,Distribution cost
Team building event expenses,Administrative expenses
Warehouse security system monitoring software optimization fees,Distribution cost
Interest on equipment lease,Finance cost
Conference Room Equipment Purchase,Administrative expenses
Invested in inventory shelf-life extension technology,Administrative expenses
Sales team performance tracking software subscription,Distribution cost
Sales team incentive program setup fees,Distribution cost
Inventory Management System Subscription Fee,Distribution cost
Annual audit fees,Finance cost
Organized company-sponsored sports tournaments,Administrative expenses
Employee recognition program event creativity contest fees,Administrative expenses
Employee recognition program event problem-solving championship fees,Administrative expenses
Merger and Acquisition Advisory Fees,Finance cost
Paid transportation costs for delivering goods,Distribution cost
Interest on office space rental,Finance cost
Warehouse security system monitoring software integration fees,Distribution cost
Paid packaging design fees for new product launch,Distribution cost
Debt collection agency fees,Distribution cost
Credit risk assessment software integration optimization optimization training program fees,Distribution cost
Paid interest on bridge loans,Finance cost
Renovated employee lounge areas,Administrative expenses
Sales team recruitment process optimization consulting fees,Distribution cost
Processing fees for retail space rental,Finance cost
Bought office supplies in bulk,Administrative expenses
Invested in last-mile delivery technology,Distribution cost
Interest on commercial real estate lease financing,Finance cost
Invested in supply chain resilience and agility,Distribution cost
Bought office hammocks for relaxation,Administrative expenses
Water bill for office,Administrative expenses
Investment in Mutual Funds,Finance cost
Tax Preparation Services Fees,Finance cost
Office building HVAC maintenance costs,Administrative expenses
Office space carpet cleaning fees,Administrative expenses
Loan insurance premiums for factoring,Finance cost
Telecommunication Services Fees,Administrative expenses
Processing fees for equipment rental,Finance cost
Implemented telecommuting program for administrative staff,Administrative expenses
Shipping and Handling Costs,Distribution cost
Paid subscription fees for industry podcast series,Distribution cost
Online advertising platform training program fees,Distribution cost
Warehouse inventory audit fees,Distribution cost
Paid interest on vendor financing arrangements,Finance cost
Debt collection agency commission fees,Distribution cost
Promotional event venue rental fees,Distribution cost
Shipping and handling expenses,Distribution cost
Transportation expenses for delivering goods to customers,Distribution cost
Employee recognition program event teamwork championship fees,Administrative expenses
Online advertising platform performance analytics consulting fees,Distribution cost
Credit card annual fees for business,Finance cost
Inventory tracking software subscription,Distribution cost
Corporate event planning fees,Administrative expenses
Invested in supply chain inventory control and management software,Distribution cost
Logistics software subscription,Distribution cost
Market survey fees,Distribution cost
Office building power washing services fees,Administrative expenses
Employee wellness program fees,Administrative expenses
Tax filing software subscription,Finance cost
Paid interest on warehouse financing,Finance cost
Invested in supply chain agility optimization software,Distribution cost
Employee incentive program expenses,Administrative expenses
Rental insurance premiums for equipment rental,Finance cost
Interest on overdraft facility,Finance cost
Advertising expenses for promoting products,Distribution cost
Billboard advertising expenses,Distribution cost
Paid salaries for inventory controllers,Distribution cost
Customer credit reporting fees,Distribution cost
Office building signage design fees,Administrative expenses
Loan insurance premiums for revolving credit facility,Finance cost
Warehouse security system monitoring software optimization training program fees,Distribution cost
Paid subscription fees for employee mental health apps,Distribution cost
Tax Advisory Services Fees,Finance cost
Office space noise reduction measures expenses,Administrative expenses
Invested in autonomous forklifts for warehouse operations,Distribution cost
Software maintenance fees,Administrative expenses
Loan insurance premiums for home equity line of credit,Finance cost
Company-wide meeting expenses,Administrative expenses
Paid interest on debentures,Finance cost
Employee team-building event expenses,Administrative expenses
Loan insurance premiums for invoice financing,Finance cost
Shipping insurance premiums,Distribution cost
Shipping container refurbishment costs,Distribution cost
Processing fees for construction line of credit,Finance cost
Bought new machinery for factory,Administrative expenses
Employee retention program expenses,Administrative expenses
Paid dividends to investors,Finance cost
Employee recognition award purchase,Administrative expenses
Student loan processing fees,Finance cost
Lease insurance premiums for business vehicle lease financing,Finance cost
Venture Capital Investment Expenses,Finance cost
Loan insurance premiums for long-term loan,Finance cost
Sales team performance bonuses,Distribution cost
Renovated employee continuous improvement areas,Administrative expenses
Sales team recruitment agency fees,Distribution cost
Paid interest on working capital loans,Finance cost
Vendor Payment Processing Fees,Finance cost
Employee Wellness Program Expenses,Administrative expenses
Market trend analysis fees,Distribution cost
Employee transit pass reimbursement,Administrative expenses
Annual shareholder meeting expenses,Finance cost
Data entry software license renewal,Administrative expenses
Online advertising platform performance analytics integration fees,Distribution cost
Loan processing fees for car loan,Finance cost
Employee recognition program event teamwork competition fees,Administrative expenses
Invested in supply chain optimization and allocation software,Distribution cost
Paid distribution center security personnel fees,Distribution cost
Transaction Monitoring Services Fees,Finance cost
Monthly Utility Bills,Administrative expenses
Wire Transfer Charges,Finance cost
Logistics route optimization software optimization integration training program fees,Distribution cost
Interest on retail space lease,Finance cost
Paid interest on merchant cash advances,Finance cost
Employee recognition program event planning fees,Administrative expenses
Employee recognition program event coach matching fees,Administrative expenses
Paid subscription fees for industry research reports,Distribution cost
Processing fees for business line of credit,Finance cost
Freight Shipping Insurance Premiums,Distribution cost
Interest on invoice financing,Finance cost
Rental insurance premiums for residential property rental,Finance cost
Loan insurance premiums for merchant cash advance,Finance cost
Inventory management software integration fees,Distribution cost
Office space security system upgrade fees,Administrative expenses
Invested in real-time tracking technology for distribution vehicles,Distribution cost
Office space refurbishment costs,Administrative expenses
Employee recognition program event communication tournament fees,Administrative expenses
Online advertising platform performance analytics optimization optimization fees,Distribution cost
Social media influencer partnership fees,Distribution cost
Lease origination fees for business vehicle lease,Finance cost
Paid interest on sale-leaseback arrangements,Finance cost
Paid interest on supply chain finance,Finance cost
Paid freight costs for international shipments,Distribution cost
Electricity bills for main office,Administrative expenses
Weekly fresh fruit delivery for staff,Administrative expenses
Corporate library subscription renewal,Administrative expenses
Ergonomic chairs for the accounting department,Administrative expenses
Upgrade to secure enterprise Wi-Fi system,Administrative expenses
Office water filtration system maintenance,Administrative expenses
Emergency preparedness training for staff,Administrative expenses
Software update for CRM systems,Administrative expenses
Data security compliance audit,Administrative expenses
Catering for monthly staff meetings,Administrative expenses
3D printer for prototype development,Distribution cost
Container tracking devices for overseas shipping,Distribution cost
Advanced robotics for warehouse operations,Distribution cost
Cold storage facilities rental fees,Distribution cost
Security services at distribution centers,Distribution cost
Safety training for warehouse staff,Distribution cost
Expedited shipping fees for urgent deliveries,Distribution cost
Vehicle tolls for interstate transportation,Distribution cost
Employee parking lot expansion,Distribution cost
Maintenance of automated sorting systems,Distribution cost
Renegotiation of credit terms with lenders,Finance cost
Cost of converting accounts to IFRS standards,Finance cost
Fees for legal advice on tax incentives,Finance cost
Subscription to financial analysis tools,Finance cost
Dividend distribution to preferred shareholders,Finance cost
Interest on delayed payments to vendors,Finance cost
Refinancing fees for existing debts,Finance cost
Warrant issuance to investment banks,Finance cost
Hedging costs against currency fluctuations,Finance cost
Security deposits for lease agreements,Finance cost
Annual renewal of business entity registration,Administrative expenses
Office network hardware upgrades,Administrative expenses
Staff uniforms with updated branding,Administrative expenses
Mobile devices for team communication,Administrative expenses
Consultation for workplace safety improvements,Administrative expenses
Year-end bonuses for administrative staff,Administrative expenses
Office art installation for improved ambiance,Administrative expenses
Conference attendance fees for HR team,Administrative expenses
Repair of air conditioning units in office,Administrative expenses
Paper shredding services for confidential waste,Administrative expenses
Rail freight charges for cross-country shipping,Distribution cost
Port handling fees for imported goods,Distribution cost
Warehouse inventory labeling machines,Distribution cost
Breakdown insurance for delivery vehicles,Distribution cost
Pilot program for drone-based delivery,Distribution cost
Software for managing return shipments,Distribution cost
Fuel surcharges on international logistics,Distribution cost
Training on new shipment packaging regulations,Distribution cost
Upgrade to biodegradable packaging materials,Distribution cost
Liability insurance premium adjustments,Finance cost
Amortization of intangible assets,Finance cost
Loan origination fees for new equipment purchases,Finance cost
Costs associated with closing down a business unit,Finance cost
Early repayment penalties on corporate debt,Finance cost
Fees for market risk assessment services,Finance cost
Disposal of non-performing assets,Finance cost
Taxes on capital gains from asset sales,Finance cost
Royalty payments for licensed technology,Finance cost
Compliance costs for new financial legislation,Finance cost
Replacement of aging computer hardware,Administrative expenses
Subscription fees for online collaboration tools,Administrative expenses
Leasehold improvements for expanded office space,Administrative expenses
Security system upgrades following risk assessment,Administrative expenses
Biannual carpet cleaning in office spaces,Administrative expenses
Translation services for multilingual staff,Administrative expenses
Professional development courses for staff,Administrative expenses
Relocation expenses for new branch office,Administrative expenses
Annual subscription for legal documentation services,Administrative expenses
Environmental compliance fees,Administrative expenses
Customs duties on new office equipment,Distribution cost
Logistics consultancy for efficiency improvement,Distribution cost
Replacement parts for conveyor belt systems,Distribution cost
Outsourced vehicle maintenance services,Distribution cost
Inventory auditing by external firms,Distribution cost
Insurance coverage for shipped goods,Distribution cost
Renewal of fleet management software license,Distribution cost
Emergency repair services for distribution equipment,Distribution cost
Performance bonuses for logistics personnel,Distribution cost
Operational software for route planning,Distribution cost
Interest expense on unsecured business loans,Finance cost
Software licenses for financial reporting,Finance cost
Costs for defending against patent infringement,Finance cost
Royalties for use of proprietary technologies,Finance cost
Audit fees for compliance with industry standards,Finance cost
Environmental levy compliance costs,Finance cost
Reserve fund for litigation expenses,Finance cost
Capital lease obligations for new machinery,Finance cost
Business interruption insurance premium,Finance cost
Renewal fees for trade association memberships,Administrative expenses
Off-site data backup service subscriptions,Administrative expenses
Employee wellness programs including gym memberships,Administrative expenses
Refreshment supplies for staff kitchens,Administrative expenses
Annual maintenance contract for office elevators,Administrative expenses
Training on new office software applications,Administrative expenses
